Job ID,Title,Company,Location,URL
4427947458,Senior DevOps Engineer (m/w/d),PACE,"Karlsruhe, Baden-Württemberg, Germany",https://de.linkedin.com/jobs/view/senior-devops-engineer-m-w-d-at-pace-4427947458
4426656046,Senior DevOps Engineer (m/f/d),SWARCO ITS,"Berlin, Berlin, Germany",https://de.linkedin.com/jobs/view/senior-devops-engineer-m-f-d-at-swarco-its-4426656046
4472710773,Senior Devops Engineer,Protech Talent,Berlin Metropolitan Area,https://de.linkedin.com/jobs/view/senior-devops-engineer-at-protech-talent-4472710773
4472485817,Senior Infrastructure Engineer,Jimdo,Germany,https://de.linkedin.com/jobs/view/senior-infrastructure-engineer-at-jimdo-4472485817
4471302977,Senior Platform Engineer,Jobgether,Germany,https://de.linkedin.com/jobs/view/senior-platform-engineer-at-jobgether-4471302977
4432790255,(Senior) DevOps-Ingenieur:in,iVentureGroup,"Hamburg, Germany",https://de.linkedin.com/jobs/view/senior-devops-ingenieur-in-at-iventuregroup-4432790255
4437404568,(Senior) Cloud Engineer (m/w/d),Randstad Digital Germany,Greater Munich Metropolitan Area,https://de.linkedin.com/jobs/view/senior-cloud-engineer-m-w-d-at-randstad-digital-germany-4437404568
4472496919,Cloud & DevOps Engineer (m/w/d),Robert Walters,"Hamburg, Hamburg, Germany",https://de.linkedin.com/jobs/view/cloud-devops-engineer-m-w-d-at-robert-walters-4472496919
4472714540,DevOps / Platform Engineer - 150k-160k € all-in!,The Associated Engineers Group,Germany,https://de.linkedin.com/jobs/view/devops-platform-engineer-150k-160k-%E2%82%AC-all-in%21-at-the-associated-engineers-group-4472714540
4472701799,(Senior) Infrastructure Engineer / DevOps Engineer - Infrastructure Automation (m/w/d),iVentureGroup,"Hamburg, Germany",https://de.linkedin.com/jobs/view/senior-infrastructure-engineer-devops-engineer-infrastructure-automation-m-w-d-at-iventuregroup-4472701799
4464317492,DevOps Engineer (m/w/d),Atruvia AG,"Munich, Bavaria, Germany",https://de.linkedin.com/jobs/view/devops-engineer-m-w-d-at-atruvia-ag-4464317492
4229827027,(Senior) Cloud Engineer / Linux-Spezialist im Bereich kritischer Infrastruktur (m/w/d),Xecuro,"Bonn, North Rhine-Westphalia, Germany",https://de.linkedin.com/jobs/view/senior-cloud-engineer-linux-spezialist-im-bereich-kritischer-infrastruktur-m-w-d-at-xecuro-4229827027
4472733469,"Platform Engineer, AI tooling (Senior or Staff)",Synthesia,"Berlin, Berlin, Germany",https://de.linkedin.com/jobs/view/platform-engineer-ai-tooling-senior-or-staff-at-synthesia-4472733469
4472726876,"Platform Engineer, AI tooling (Senior or Staff)",Synthesia,"Munich, Bavaria, Germany",https://de.linkedin.com/jobs/view/platform-engineer-ai-tooling-senior-or-staff-at-synthesia-4472726876
4472768362,Senior Data & DevOps Engineer (m/w/d),mamgo | Talente 🔗 Jobs,"Hamburg, Hamburg, Germany",https://de.linkedin.com/jobs/view/senior-data-devops-engineer-m-w-d-at-mamgo-talente-%F0%9F%94%97-jobs-4472768362
4464324446,DevOps Engineer (m/w/d),Atruvia AG,"Karlsruhe, Baden-Württemberg, Germany",https://de.linkedin.com/jobs/view/devops-engineer-m-w-d-at-atruvia-ag-4464324446
4467528182,Cloud Engineers | Enterprise Cloud Transformation Talent Pod,SharpAtoms,Frankfurt Rhine-Main Metropolitan Area,https://de.linkedin.com/jobs/view/cloud-engineers-enterprise-cloud-transformation-talent-pod-at-sharpatoms-4467528182
4436772864,Staff Engineer for IT Automation & AI transformation (Remote),SoSafe,"Berlin, Berlin, Germany",https://de.linkedin.com/jobs/view/staff-engineer-for-it-automation-ai-transformation-remote-at-sosafe-4436772864
4434865220,Private Cloud Engineer (w/m/d),"GMX, WEB.DE & mail.com","Berlin, Berlin, Germany",https://de.linkedin.com/jobs/view/private-cloud-engineer-w-m-d-at-gmx-web-de-mail-com-4434865220
4436776686,Staff Engineer for IT Automation & AI transformation (Remote),SoSafe,"Munich, Bavaria, Germany",https://de.linkedin.com/jobs/view/staff-engineer-for-it-automation-ai-transformation-remote-at-sosafe-4436776686
4472461743,Cloud & Backend Engineer,Medirion,"Duisburg, North Rhine-Westphalia, Germany",https://de.linkedin.com/jobs/view/cloud-backend-engineer-at-medirion-4472461743
4394919391,Cloud Engineer (m/w/d),statworx,"Frankfurt am Main, Hesse, Germany",https://de.linkedin.com/jobs/view/cloud-engineer-m-w-d-at-statworx-4394919391
4472457658,DevOps Engineer (m/w/d) | SaaS-Plattform,Computer Futures,"Worms, Rhineland-Palatinate, Germany",https://de.linkedin.com/jobs/view/devops-engineer-m-w-d-saas-plattform-at-computer-futures-4472457658
4464351344,DevOps Engineer (m/w/d),techculture GmbH,"Siegburg, North Rhine-Westphalia, Germany",https://de.linkedin.com/jobs/view/devops-engineer-m-w-d-at-techculture-gmbh-4464351344
4464787783,(Senior) Data & Cloud Engineer,FUTRUE,"Munich, Bavaria, Germany",https://de.linkedin.com/jobs/view/senior-data-cloud-engineer-at-futrue-4464787783
4472724000,Senior Cloud Security Engineer,N26,"Berlin, Berlin, Germany",https://de.linkedin.com/jobs/view/senior-cloud-security-engineer-at-n26-4472724000
4339128144,Senior System Manager für Testinfrastrukturen – Automatisierung & Systemlandschaften (m/w/d),Bundesdruckerei-Gruppe,"Berlin, Germany",https://de.linkedin.com/jobs/view/senior-system-manager-f%C3%BCr-testinfrastrukturen-%E2%80%93-automatisierung-systemlandschaften-m-w-d-at-bundesdruckerei-gruppe-4339128144
4451734507,Lead Cloud Platform Architect für Microsoft Azure (w/m/x),NTT DATA Europe & Latam,"Frankfurt am Main, Hesse, Germany",https://de.linkedin.com/jobs/view/lead-cloud-platform-architect-f%C3%BCr-microsoft-azure-w-m-x-at-ntt-data-europe-latam-4451734507
4451726470,Lead Cloud Platform Architect für Microsoft Azure (w/m/x),NTT DATA Europe & Latam,"Stuttgart, Baden-Württemberg, Germany",https://de.linkedin.com/jobs/view/lead-cloud-platform-architect-f%C3%BCr-microsoft-azure-w-m-x-at-ntt-data-europe-latam-4451726470
4433703557,AI Platform Engineer (f/m/d),Munich Electrification,"Munich, Bavaria, Germany",https://de.linkedin.com/jobs/view/ai-platform-engineer-f-m-d-at-munich-electrification-4433703557
